{
    "accuracy": 0.7417391304347826,
    "precision": 0.05458515283842795,
    "recall": 0.6666666666666666,
    "f1_score": 0.10090817356205853
}